x,y,z
0.24835707650561634,0.6996777182930011,-0.33758913748719077
-0.06913215058559233,0.4623168414563844,-0.07225933535775891
0.32384426905034625,0.029815184960087063,-0.39620996049998064
0.7615149282040127,-0.32346838885278695,-0.15398076481952014
-0.11707668736166799,0.34911165680679496,-0.9468073334768928
-0.11706847847459027,0.1967426927108748,0.10664685368646928
0.7896064077536957,0.44759661001386614,0.0006027376811121184
0.3837173645764544,0.31758590084098476,-0.4085443155340953
-0.23473719296747605,0.5247763576596676,0.32962283421620253
0.27128002179298233,-0.267617605780284,0.4687850688132792
-0.23170884640623113,0.6586970328171629,-0.8037799321844871
-0.23286487678512843,0.09879980234619982,-0.3813623892831071
0.12098113578301706,1.0376304363126327,-0.3845711748936491
-0.956640122328899,-0.34459390904478393,-0.46995155055443233
-0.8624589162565164,0.8679819015826247,0.41473742096587424
-0.28114376462048635,0.0989553917313239,-0.09691306938640176
-0.5064155601672119,-0.3257090018072242,-0.13225742065530538
0.15712366629763694,-0.24194291702716078,-1.0019311822033767
-0.45401203776060545,-0.16017365409716008,0.3177090151046132
-0.7061518506676457,0.2120829732009582,-0.6196291974267363
0.732824384460777,0.2614177440177498,0.029966315133164126
-0.11288815024326783,-0.2868500019692895,0.13868846897909584
0.03376410234396192,-0.01217729613049142,0.6803292979193255
-0.7123740931067284,1.0711351793059318,-0.654410199559556
-0.27219136226259133,0.8637715850503557,-1.5097560779104127
0.05546129485493304,0.21816183483701604,0.09192477237684743
-0.5754967887111514,0.019001739084100144,0.9002555907554268
0.18784900917283598,0.06001566335913065,0.6194731764697187
-0.3003193449594025,0.3067589863652083,0.10482970763731289
-0.1458468748966384,-0.5113962825992028,-0.24581809281602368
-0.30085330611469846,-0.12868826871167255,0.40356129831865517
0.9261390922544689,-0.8342920369387947,-0.4867730998522343
-0.0067486123689669605,0.19961156130263963,0.23817888467810963
-0.5288554644779502,0.3235979698513705,0.2527350795833134
0.4112724560515945,-0.241593231149687,0.5301049537494399
-0.6104218249855111,0.7869933816450164,1.3798300194555388
0.1044317975023777,-0.6128828315011706,0.19620798358938352
-0.9798350619398878,-0.7321874401049101,-0.2544818128537494
-0.6640930244492153,0.11222590927998602,-0.012787156095997218
0.09843061793456176,0.5235491513060773,-0.8845379524445591
0.3692332899977052,0.8419638457289343,-0.3473565655445291
0.08568414059498525,-0.22944213143447,-0.204641219056552
-0.057824141194120264,0.5393404167156478,-0.26204419896729625
-0.1505518477946444,-0.019254234750353604,0.076177436016861
-0.7392609951837137,-0.08631364997040981,-0.4112099661911003
-0.3599221041973543,0.4418299687433362,0.5605153336622357
-0.23031938547989375,0.3261614392067098,0.00010353245909854692
0.5285611131094579,-0.7881960784921247,-0.0046501605693072086
0.1718091447842307,0.7382701748629479,-0.16394735825645892
-0.881520077681367,0.6900456770737258,0.07759534192948957
9.093701147420255,9.917836032568315,6.29835419475207
-0.19254114020815827,0.19790176671870452,-0.43356510785545016
-0.33846100015297936,0.2470150931413694,-0.32905824453762833
0.30583814442043394,0.13033688291195356,-0.15186301438833233
0.5154997612479755,-0.27515257692271006,-0.6729354617366075
0.4656400595580993,-0.3358116839690258,-0.4096289298607489
-0.41960876161131927,-0.012777035495722639,-0.23811043677232951
-0.1546061879256073,0.5863645096296823,0.43719459035636377
0.16563171570178198,0.27180007729721617,0.13128066450096249
0.4877725635611796,-0.18530716604305297,0.09679495568377218
9.848618163989885,7.156169348957789,6.737593976568773
-0.09282948833190856,-1.4242713103150377,-0.06868589419969832
-0.5531674870030141,0.5743828501860517,0.1952324249644448
-0.5981033120403354,-0.8698568893890498,-0.051610876466248116
0.406262911197099,-0.18122047070156608,0.13268117469981422
0.6781200142854115,-0.5598349473130719,-0.29137932880579104
-0.03600506079016692,-0.6473407378604529,-1.2194085791382145
0.5017664489460121,0.5804133936892597,-0.06713958109315207
0.18081801252381707,-0.23385060065594568,0.71137406804997
-0.32255987730256214,0.1732519408653579,0.4631077011207962
5.251747634846766,5.263826289298013,8.460056279733273
0.7690182832329846,0.23852041361156073,0.6180653609031089
-0.01791301955497577,0.03841094553012768,0.04432879548071872
0.7823218279070031,-0.6414961120942848,0.0986578537027978
-1.3098725520448722,0.49813340972357,-0.3088259477171751
0.4109512521876119,-0.24687829158065625,-0.15803642801352488
0.04352353411908561,-0.7782909493298755,0.3078855748855708
-0.14950367523293373,-0.21405758048295626,0.6019422185844081
0.04588038826775115,0.7503798953171554,-0.06972313784049977
-0.9937844573004464,0.42511087105674644,-0.2250946324257058
7.289644972170139,6.132608130180529,8.069851531626163
0.1785562857558732,-0.1746288521592144,0.3006033744645574
0.738947022370758,-0.1608175256086913,-0.7219274080667709
-0.2591351091368237,1.0383739917804204,-1.148090476568619
-0.4042468014465938,0.19096772611577667,-0.2752684247457918
-0.25087852179226827,0.21502082359553482,-0.6103562129570793
0.45770105885103707,0.5151417270159211,-0.25407009882365544
0.16437555482984223,0.11939457951325676,-0.07389015940873576
-0.2648801018835194,-0.12952107291035156,-0.2266242045115067
0.25663371655667805,-0.09817492454248913,0.7262337672353727
6.264290591250556,7.888158771722113,6.796043734913452
0.4843224952664446,-0.018611118254920796,0.15023717980541418
-0.3510265469386762,0.3638147718184899,0.31110357202170097
-0.1638310732988841,0.025972942903649716,-0.5694165588903846
-0.19605407656607882,0.3663200386077896,0.5195558937101343
-0.7317574740660593,-0.04035829005429116,-0.03788214326772994
0.14806013853228803,0.039317595158045296,0.3352403086206063
0.13052763608994467,-0.9991003422660538,-0.5359286165200777
0.002556728321230445,0.4581638373512407,-0.7768793830080322
-0.11729356668757346,0.17324423794899635,0.40894482901251433
-0.7076853710252071,0.4990050549298261,0.1882047630487583
-0.21032266138267952,-1.4481276890968446,-0.4510257771787552
-0.17135725826338474,1.0441873523903638,-0.4348315406373472
-0.40113863461080945,-0.06979481407758688,0.5627173922073847
-0.08064285583300457,0.5540914083687583,-0.5947059464336639
0.2020254284072692,-0.5199529635627654,0.8213364766279817
0.9430929506052651,0.30638695253128484,-0.45031036732393437
0.08728890641591948,-0.5267077815868281,0.3191959628041915
0.12877519536138218,-0.31188448034790256,-0.1643092378744923
-0.03722295788308361,0.9570156769333931,0.30159371554117154
-0.9593856076495207,-0.09534120038167329,-0.2720570010570963
-0.013256937724608439,0.10871643658986144,-0.0813964530361471
0.03011510497051322,0.4350338653443771,0.020459587697860566
1.231621056242643,0.24784094398630233,-0.5010937278907364
-0.09618048239056126,0.07520945257178821,0.37041217271006294
0.15077367116680623,0.1824805012331127,-0.2566067832357926
-0.017355884852621656,1.2017077926191375,-0.11429995767000929
-0.584339018809766,-0.028809398516792695,-0.4971746873042561
0.5714114072575103,0.10054952335748375,-1.2811668293976552
0.37596651634338707,0.525327198003806,-0.09551388130008451
0.39551597352152346,0.5527629664789919,1.206307710806458
-0.45469372739736946,0.5935151527801901,0.3923021439490119
0.7013971554680496,0.3193651110145923,-0.00963018986719732
-0.7009255313961404,-0.5715024563652418,-0.13144541460413384
0.29342854690013515,0.816715766150548,0.01123294640602319
1.0952278129049893,-0.573172696509344,0.273559557587605
-0.49526816256534417,0.15131773261951662,-0.5904064076544224
-0.28314886480138596,-0.37713792500967896,0.557160847334436
0.04982568254382061,-0.03206917329649627,0.35769065772062203
-0.2517378270580996,0.1643812051517402,0.35909286285396724
-0.7753317155330663,0.16067860772513654,0.21923786940486364
0.034281487403013663,0.21096037711764237,0.009808328846994951
-0.5311518568630524,0.8068556345293235,0.33643061798340995
0.2367962153175908,0.22676715075698992,0.295907066870689
-0.4597121171169016,-0.12207831764532434,-0.1770203554705119
0.7749672025087697,0.48204358414417864,-0.2868008864484505
-0.39162664616811854,0.5947352444623203,0.05092814763099335
-0.1610307581028378,-0.6138039075684962,0.7745100757475937
0.4067586086848349,0.298700034924929,-0.6195535378269504
-0.6154321582169776,0.35058637115544916,-0.73376263287622
0.11372996730206471,-0.14878175167999597,0.08238042061825837
0.653571377141214,0.6878534066558097,0.02544385092800903
-0.8037416172806138,-0.07502779351626336,0.0866708321852041
0.0923169292661521,0.06278822673577113,0.12197659895425013
0.12994139712421177,-0.0865359121419348,-0.11160112731740256
0.3909114358886552,0.007789523790733767,0.7449317193010411
-0.618475355439041,-0.5481375434476009,-0.8004519892382578
-0.6602283065421382,-0.7200254412971472,-0.414248512390123
0.2609707828084488,0.7972525316124861,-0.05162738007452369
0.14849233661659303,-0.4234806741591639,-0.8215944055770836
0.12524642517293827,-0.4956961747281536,-0.08792720221603559
0.17322410474848784,-1.0766950568018574,0.8307350828640091
-0.3400123607892454,-0.3194808738447511,0.010443244147980894
0.11612684858050178,-0.6615448967037492,0.11535045285934174
0.14653623664934062,0.8210075800681845,-0.6300823825862901
-0.3571757090131839,0.5049085446713171,-0.30818070401973874
0.9328872555723783,-0.3440751725888619,-0.1875981901619685
0.23691646045589376,1.1262179026721544,-0.15885754837811703
-0.5956517486013243,0.49088274349579714,0.6408218975018843
0.32827680431691486,-0.16241569175431123,0.27884553036256227
-0.4873408351136607,-1.2497028574367866,-0.555728978468516
0.393542301871226,1.1454712862953709,0.12325238921600244
0.579297789503702,-0.694786233381798,0.24911087424839257
-0.41034115917585523,-0.8226993734784459,0.5700745192606332
0.4816880646221609,0.5112852160048201,0.7902703432841868
0.20639046346824916,1.2198762031696364,-0.5075470959139343
0.411030079997245,0.6921364092552591,-0.4054287556051691
0.9483964913269737,0.2819545600261798,-0.6287889294573081
-0.12269405800143525,0.297377170832643,-0.11700992955349068
-0.3768680821787448,0.42670777939015386,0.23317918722316724
-0.44475721481276165,0.37946429489338257,0.49366725829455094
-0.40790514248271914,0.1405957119846879,-0.03797551182126138
-0.0385508547070521,0.052100551975938034,-0.15992376162742197
0.17057598740832194,-0.03129656394976121,0.07587899612437018
0.13834539966500953,-0.37698229443333814,-0.4175714508150115
0.4135916245180119,-0.14033753843338703,1.0447693608473867
0.00650094593895351,-0.8464784070976927,-0.8038305135590293
0.7267670385786584,-0.049169813397374945,0.09237028944786223
-0.13232841661897804,-0.49429555357545873,1.0118031096148197
1.3600845832948094,-0.5517946586078855,0.0033999222799988844
0.3128336738825031,0.08994707557673923,-0.09501951750074723
-0.4285787782081413,0.6960011431722997,-0.1787227114052136
-0.5354462490305562,0.4591583030011565,-0.09019584088120391
0.24123620762159265,-0.7852503018115885,0.6864242373382651
-0.11173139266292545,-0.4948140682851688,-1.1059309556647534
0.357000247046046,0.47038559399410795,0.7667168506481628
0.23661881228677242,-0.4912436967691548,-0.7119785762250725
-0.03641445632843639,-0.1123165749985123,-0.1333261646172074
-0.4233968590342025,0.27502604951227594,-0.21462221014933092
-0.7574236123429323,-0.48417222743181765,0.2942766348853599
-0.22325747603351054,0.05268775307297995,-0.7990621759418738
0.42819939716173616,-0.6670127474591022,0.23108633304097143
0.10704687206510198,-0.30068382197560684,1.0121548116434262
-0.622869389355994,0.15989096707126849,-0.6815870022964052
0.086590462925591,-0.7964968667658346,0.09485308380519783
0.1926586898644184,0.2202373689801995,-0.33099108889830453
-0.4419287181005665,-0.009818899463340608,0.21294360309651789
0.07686255297276395,0.2762449772085739,0.00957388870787603
0.029104359222999948,0.11195706703233071,-0.3207434545221548
-0.5714851489153115,0.6820702149869221,0.243936142435537
0.17889368017414164,0.06261225132395364,0.9021740548933715
0.2803922631841172,-0.2147027705626265,-0.09545189586364934
0.5415256215876385,0.06114875151614189,0.35987897107409095
0.5269010260174515,0.27164901451819395,-0.6466364789355818
-0.6888346839785455,0.024430035162852165,-0.4782181884090044
-0.4689125199575614,0.02029584560194119,0.23620313894018868
0.2575176336043299,-0.3509958439033777,0.7420580142679825
0.2568929754561044,-0.3314504587754741,0.17780667439283
0.25752384315302396,-0.7013026358998468,-0.15652901526157717
1.9263657453273606,0.8747883715934697,-0.0003542972883229586
0.2854452553465835,-0.6219316176956425,-0.6252038669848587
0.5677828200902995,-0.34645259889795366,0.3022576631776834
0.47700088174660116,-0.3592036327845987,0.44116653116170457
0.325695625652899,0.44746218847222063,-0.22604516641654018
-0.1576346223201728,-0.1474748391460139,-0.23502107387975074
0.3794846102466337,0.6238710363368669,0.13293911482602425
-0.3864126072687859,-0.33674531212193426,-0.21835986802029775
-0.11840930337000444,0.13949708111190098,-0.03306630731291123
-0.24268177391455173,-0.41767352662987867,1.0498608945832577
0.04093706969316128,1.0725745638866941,-0.12351285037299833
1.1573292833367543,-0.5937992095147564,-0.1791700760106111
-0.933632596295874,0.15491035511351375,-0.3237709028175796
0.34313009518725673,0.31688844046604925,0.3720959857499684
-0.8063579355948258,0.20689954872574912,-0.0906120866090515
-0.23596593289471673,-0.09264382943885414,-0.324686519160713
0.544475298483683,-0.06491034986671308,0.660652016136506
0.032140009547731385,0.0219057359895548,0.7098015022568186
-0.5388723889646531,-0.07350100081424431,-0.3002117828693526
-0.3576518546299841,0.48193955839745484,-0.9332699756803081
0.3397988744673379,1.1052615007956756,0.5037568449184611
-0.36518331585856834,-0.2787458925039168,-0.342314912880002
0.10822929479098743,-0.6849014897895389,0.3953127995813843
0.022785919951906892,-0.04414102417562741,-0.9850519088559178
-0.32580017380290854,1.2898546688271593,0.4462986691496546
1.0719720446626628,-0.4018372839848654,-0.6055859646403906
0.3169595111590056,0.8195584027220337,0.36538205953326225
-1.0125712933288036,0.8388504070382203,0.007136533918217053
0.09322715738471382,-0.2767941208539973,-0.4769697096983224
-0.330893232384194,0.2844915395926377,-0.20351815646339025
0.426216667398112,0.814198311564269,0.3431592284783504
-0.3962603692163503,-0.18956387049374354,0.05294722655761712
-0.05736822073344951,-0.10179018005118089,0.2922064902362421
0.25249363949022857,-0.29084045697432187,0.9882202922577428
0.43287759708506074,-0.5073783653464334,-0.7821208058555257
-0.6001482035278881,-0.32463877253300355,0.808606287484312
-0.1672506179204742,-0.6119701333811283,0.052177968761606464
-0.2374726555804781,0.017041734129613035,-0.4493920241615641
-0.32666461628685595,-0.3849866155293209,-0.6651568128694949
0.8827271201405484,0.11689295589537385,-0.09456019538851675
0.20249085548047777,-0.7779478231018137,0.46082505596222967
-0.6304419771675226,0.16544011610722853,-0.06377456018876711
0.45893097352738804,0.4167644808044623,0.7555774651236737
1.0610780985063166,-0.9968678212857277,-0.7255878450257794
0.5162326302755734,0.18702828492378606,-0.00604447392302728
-0.7596849829770067,0.6138344962366461,-0.6261967222065595
-0.24211703643312568,-0.6048205093456027,0.18181594131248394
0.6334555745933114,0.8362861934188517,0.44344369504865017
-0.3538347328093904,0.2095095046830226,-0.21038089684052663
0.22190971407311422,-0.35250592787920443,-1.3021069283135671
0.3873170267146684,-0.027884538828853004,0.09947407339824726
-0.4634652357890415,0.2791634562608612,0.21836927586675475
-0.02976267803090004,0.03800269570620575,0.20214737748084882
-1.6206336700345363,0.2693779962231846,0.617891095911077
-0.5121938206671449,-0.4603367965396831,-0.5355268398245244
-0.12628407569658015,0.084680412018039,0.3401080527252247
-0.6238915909824247,-0.7068572484524901,0.5962537562389875
0.8162056519658176,-0.05561303067435016,-0.8892937920032584
-0.7150706889803163,-0.4519538207323949,0.15982591295948861
-0.22002224334849188,-0.3677649712948833,-0.25208991550383575
0.06537028864304567,0.6180465876052187,-0.040761336550822945
0.7206366445330578,0.5456550602971345,0.17383824176916818
-0.7179310755897197,0.3045690604535885,-0.24361428205677615
0.5815818760774798,-0.5461563823362895,-0.3378540395808059
0.0051165305097935244,-0.15820422484740096,0.0170762087440123
-0.49075432552397547,0.6065488499895917,-0.5436229694314013
0.23105173713163538,0.07085845681995237,-0.5429125644425927
0.09952984778673502,1.159664769990847,0.33968664147825167
-0.30010843857939734,0.19665891969718594,-0.574397017579328
0.03490104249500946,0.0960245582450158,0.33315625045460595
-0.1926567984308801,-0.1545582321012507,0.2312956464269756
0.05675867262562402,0.06677045239114116,-0.8629033643952984
0.33106533726052334,-0.07623491819027195,-0.33878232616782755
0.793008408072676,0.3540543383442952,0.5970547015236862
-0.6189077494134245,0.47835115839729203,-0.4905827655698408
1.0665166873281333,-0.39299473025397474,-0.23220213115469382
-0.9760438997612509,-0.665616476778889,0.23103044662594824
-0.07589254751779166,-0.9181026865516483,0.39169525464129773
0.29415860324228826,0.25399566345627184,-0.12576944302224785
0.14049593386751633,-0.5516833030869368,-0.2987550973458208
-0.3113497599102969,-1.0764452964762414,0.7111849308492538
-0.10406112517863761,0.19428930226548205,0.8694498318987894
-0.2465004673294164,1.2464997587163953,0.4894290253908977
-0.29468237847210577,-0.003035455769946662,0.04265907128251203
0.4248010485105123,0.41924538722582094,-0.4041328608204632
0.17850774298252367,0.040914679273782506,-0.41522220327828263
-0.3464547976303271,-0.04944482659557133,0.26125705263287874
0.44979993771662535,0.4595382414938843,0.20919911044434186
0.15364976043830467,-0.14513727209432567,0.7007992964732147
0.40643105941948005,0.13369615703595147,0.3252250462680696
0.3148144209618061,0.1608489030980068,-0.751540150879909
-0.41449750546103614,-0.3340452268215244,0.5259738088614593
-0.2800905200984848,0.4960211747682614,-0.49903031365720646
0.3736468025616309,-0.08747987834770432,-0.1919856359761758
0.3051851327167324,-0.37787257974642235,0.12510010312584724
-0.010450796982074066,0.26825492178520177,0.9978337448919822
0.058663691654391,-0.44923399089551863,1.5549592780026804
0.6388324478942125,0.014090578684564124,0.30336152956809137
-0.29578569441791497,-0.004559498322101772,-0.09159830936019393
0.27354869058501896,0.542947782915789,0.26725282424027513
-0.10109632621694703,0.2373491164399764,0.44382771293691803
-0.10884060161361014,-0.012513479372571959,-0.16033381277859585
0.549388425993595,0.40888314960014355,0.8976056779561611
0.4127081744940149,0.6951037745086567,0.11503537959570104
0.40675481800031926,0.2789051531759311,0.24887154454569713
0.6527394035771645,0.0051763099216903035,0.3329621260272307
0.010501920816379524,-0.6559181161750798,0.21079330530722784
0.34097648564748195,-0.5325568315376863,0.4194702502348061
-0.15513337829672802,-0.15261235217733382,-0.3086265932734616
0.16208317624422106,-0.3047561010796416,-0.27915087697301527
-0.06507152718384229,-0.093485651492723,-0.5500771164858475
0.048497982496359095,0.028324962448553582,0.2197506153101132
0.2975785127184568,0.2648463771783654,0.38946825175605704
-0.40911034161673626,-0.03524938902954561,0.2288864330759429
1.0461936378427301,0.24325082191310096,0.8372462166737686
-0.503008690749851,0.03223720740506012,-0.0027980094145232774
-0.6070943063938661,-0.9877332831769357,0.3343708277962563
0.5790554367500339,-0.46966769690937715,-0.5458504380696572
0.39583134698146794,-0.07204377786080773,-0.1935498512372005
0.31205990852607757,-0.6048473714205538,0.34776887878288876
0.31417275463213995,0.29996436499810225,0.424551055371572
-0.0061233864234573115,0.7653754161718487,-0.14698347383209112
-0.44862718574291577,0.6093809258486583,-0.035799625929033414
0.03790227909686317,-0.106721435465104,-0.7589368733404047
-0.33858085575605584,0.745363068424976,-0.1785146004033047
0.4875598667088756,0.07433372860105578,0.4451915817598931
-0.07352869075106933,-0.16854298555901967,0.28760250805328313
-0.4127485983962558,-0.3067013317704699,0.25033286069060484
-0.16069292082649672,-0.15123484324406417,0.02488684359048004
0.20646572713781217,-0.19408840927061438,0.003531579314088226
-0.28186227640198736,0.08520811118774385,-0.33016056973672353
-0.4111101977832157,0.0802869905249323,0.3494142101012674
0.12184360574595615,0.0015230100767072347,0.2104864721946949
0.12248328555436139,0.21846908487317493,0.24600942399639963
-0.2534715876855649,0.5953231373931707,-0.2630174213337902
-0.2355191528091614,0.47477706772066186,-1.0766714599356222
0.11602496867881815,-0.7424489842249518,0.5485763558768478
-0.7240421707486621,-1.2769605674509774,-0.23941872800420208
-0.7037318871882776,0.46715995561963686,-0.4313878820215603
-0.359222110626218,-0.6834393492077105,0.34673945595699684
-0.10672357585592362,-0.11238270094634177,-0.1960063199595648
0.1554537827990023,-0.5850565130296798,0.5299681920233109
0.737678108474776,-0.9009902187900098,0.30850297478834876
0.4288298116010097,0.270731364102394,0.3417846616002388
-0.07996926498171356,0.3795775801513234,-0.6829778556002671
-0.009508103951344415,-0.2882552003633597,0.6059719926932002
-0.5012646823189044,-1.295521146072455,0.13062526561692803
-0.009256567996194965,-0.2731222241262414,-0.18463856962310157
-0.14432931946006916,0.19590200270127325,0.07169423367112554
0.16135928016904474,-0.7394557843870644,-0.88811761644916
-0.4136154717761615,0.09167995988957782,0.20432640574033542
0.25967325712058614,-0.007654924586497779,-0.5146857540910358
0.7663694565012888,0.2896457498005442,-0.6763351429217672
-0.0543800742284288,0.05979018420707663,-0.7611795931089456
0.20085586104947073,-0.48653447044077774,0.5563441874949626
0.34507199585555626,0.5982857508322457,-0.31463169684639436
-0.20061023594291813,-0.07926478651348501,0.7668638549582496
0.11204624090520839,-0.01365226975496593,-0.2679007315261489
0.00629620039089743,-0.466633979536598,-0.8536789787964734
0.04883804927441586,-0.22164112559575516,-0.5582622199743296
-0.38650489192773324,-0.44240135701345046,0.6179058100034693
0.012255087129471357,-0.0864730299617115,-0.07794908896833376
0.24899914562272488,0.8558542400711717,-0.27414364824530046
0.7255718038975209,-0.6859505714656782,0.08000911292639384
0.47963541304260343,-0.8067806989383706,0.2508913680837725
1.0765912287557782,0.7355851637468043,0.5586994079512304
-0.38367378144402475,-0.10466183857593306,0.7242496149464631
0.4361603183603391,-0.3345363693299583,-0.17988432289454287
0.09167100286917587,0.5199523436980382,-0.6630238430410191
1.0949014666088361,-0.30280776986843205,-0.206732580561638
-0.40414914267757573,0.9130048567734681,0.13014025329144308
-0.41986092109038803,0.33896293566963454,-0.48187946310530544
-0.2996963227220111,-0.24395570407285133,-0.47857545744752145
-1.0619478621549034,1.0786541066327517,0.17189394077494272
-0.2628775108403805,-0.3028574615016692,-0.024326175785225574
-0.379566330776849,0.3710476860046535,0.016398497705793255
0.07519689323810382,0.14964629020324596,-0.37924766735003473
0.17087798788857972,0.650870644699399,-0.11520035710288366
0.9380854196079431,0.7807555983634263,-0.4621165721341522
0.4752119190930251,0.016002074532883312,0.4450992055623934
-0.28845182783120155,-0.37670893517309173,0.5176246673618763
-0.449207335674179,0.2299860714695582,-0.9230939311190469
0.24595958575325286,-0.33885768487605306,-0.464755430096205
-0.6601166035103211,1.0066936237633115,-0.7482646275450395
0.9157293829271769,0.06826766554136872,-0.3250119672034491
0.5897200603606435,-0.18266077565605435,-0.04171898489518043
-0.2345878260523524,0.0923401529324542,-0.724822609849265
-0.8565672645454387,-0.6735631447648482,-0.4609299065626566
0.6769361870827064,-0.48580701925532577,-0.5019786860407492
-0.05726992262630894,0.6002069539722127,0.10363366469947198
0.6189081559867309,-0.32844713948569787,0.03467216851812521
-0.7972138293971835,-0.5234554913409698,-0.36086877666862666
-0.29968751147688644,0.2683263762636431,0.08841043606969899
0.002621849859091583,0.5928520773314985,-0.2733400422936327
0.023490296882371028,0.35947665533253337,-0.13582755516302664
-0.22503273573962182,0.4980238429029082,0.8367260451492685
0.3114249661737494,-0.3783975442847304,0.670230525895174
-0.5338102146912972,-0.7109053333709219,-0.6497906184637988
-0.07118974251064675,0.7506668259777434,0.41486620893958726
0.06014781585594943,-0.16133991942106787,0.40569827724579605
0.2572194170293745,-0.12541650822752368,-0.5741316443763091
0.3558074390444449,0.664097070924529,0.4093888218774303
-0.5623210459189346,0.27811500470032996,0.7689659592062764
-0.7670570853678111,0.22794388604080382,-0.5612724031222069
0.6388384109492545,1.082501172450542,-0.4587514105071318
0.16615700598979583,-0.3217591151900715,0.5088307334217512
-0.3742432682782768,0.4639200640406186,0.135747655412824
0.7755759877612615,0.02850656244854225,0.2757381376197616
0.05783731714642933,0.13429613943162846,0.1702946082002484
0.5896485920319132,0.7642342132062658,0.19534796046407207
0.033759240705054476,0.25391787814481187,-0.6632360641555415
1.0303739624409936,0.2691480395248165,0.5236588533107241
0.8776704212216022,0.5362536686549011,0.5847949962138868
-0.12448207423953675,-0.18247636477144266,-0.11469537203401388
0.4857854754771777,-0.4196048336695032,-0.021738474906931215
0.3226879747925738,-0.5224045970105168,-0.7655537512778611
0.6843157787661743,-0.9831782946880009,0.25712737800891744
-0.48246173029005224,1.028103564970161,0.28602872085707204
0.34302572999921965,-0.5516041828608416,-0.031095508499655502
0.5292122434247939,-0.110626811792886,0.5621766799352513
-0.8793697432115571,-0.13840664994446034,-0.16703861548997026
-0.5916292563328875,0.15370334890455037,0.28230296294680013
-1.0196160888800503,0.4078686062696484,-0.5098321693460578
-0.13470341722227888,0.4302367441798727,-0.01177607543711906
0.35877112789798116,-0.2915387192844692,-0.08717712895141792
0.751178526048014,-0.08356085689320575,0.11265396102047079
0.03704739020988759,0.14128997524414982,-0.1847634644166793
0.8143077727856459,-0.12434556309177354,-0.0657362978358339
-0.6900507291074457,0.8036727880099963,0.41302358572075315
-0.8516912196775773,0.24548747581912567,-0.21838211861910872
-0.02777384944830939,0.36743889302490873,-0.8032885503693397
0.19203272446965364,0.33144063433370635,0.8747919521027103
-0.016347374047046555,0.5867369287426625,0.6907270393452433
-1.0337210500199383,0.09051077935185348,-0.6461313475528093
-0.044560019756394204,-0.6484159739779233,0.3448539026225972
-0.6522347502524266,0.1998439758763208,-0.25148738527567155
0.33483627441501923,-0.3256784468959145,0.13174360766552978
0.18329912304842413,-0.2643083408748784,0.14711206450674685
-0.4699398931636776,0.2931820093775466,-0.117203900158161
-0.25693345866834677,0.6191415357168178,-0.39188283279319824
-0.5296067609444758,0.010635788368030825,-0.3452705261581297
-0.03133954863658594,0.1544165062994819,-0.45809595774062123
0.47757116025061913,0.851107472317619,-0.41591110411522236
-0.49286302316777186,0.12037658974428414,-0.03358914502467763
0.2520232577589222,1.3008415570901974,-0.3578799945553759
-0.2651288091862204,0.2827548228157721,0.34102603285630995
-0.3964364161311721,-0.8803813795779089,0.7436230776679637
-0.053515179977278914,0.37667081055226626,-0.2900266206850215
-0.517621161209687,0.19057919244138888,0.11970225026768853
-0.276824652673591,0.6448763770413728,0.24984255515146692
-0.5989389462944242,0.3365906756349792,0.2360011354596372
0.9823625664581946,-0.06922799199188691,0.037977633958043704
0.017631775985864306,-0.6121491181446829,0.3713412091798612
-0.3498627539962928,-0.10451162864301264,0.2411244763403286
0.106989955367111,-0.42526022710465006,-0.6188312111636489
-0.05616402484541491,-0.29026172490236135,0.4345780321946366
-0.11048479976661149,0.2942892022103048,0.44364541863337104
0.3070833500217126,0.8349522521757031,-0.3816430520892908
0.37875385502365255,0.19733576491149055,0.018968917723801014
-0.26525057380526373,-0.5979415310175922,0.3416644964055347
-0.28790912032234,0.22230133411007036,-0.10465690978968079
-0.137525848575822,0.5983157433228256,0.5364890238830059
-1.1509605823677924,-0.3048914521596911,1.1819362473096804
-0.7575955310992761,-0.06700858333645884,-0.3929930163174912
0.6834371337222623,0.007344097364598547,-0.6905223015768874
0.8224838567506418,-0.39244915654112,0.15190929780243786
-0.12451801977818916,0.3241402169219295,0.36078125256307175
0.2882784815278832,-0.06047407430389078,-0.11543318692238448
0.15562507727176805,0.20976622195351388,0.7266303316605172
1.5394404042276189,-0.44374608890105005,-0.6693028998616244
0.5597874557172884,-0.21872915016170522,0.34645931151580556
-0.06395879574038327,0.3611906789138857,-0.3029304103794467
-0.4777702203002129,-0.1864165760458835,0.8596889531036483
-0.8032231601287863,0.8634819256167026,0.9962576765840592
0.10173181793361155,-0.19981809280730117,-0.38332829389167394
-0.3781753726421517,0.11234236287594296,-0.27477856795429006
-0.7111268547988371,0.46629541593654494,0.42979394348990096
-0.3232864421212633,-0.7091828664665158,-0.1935653248947573
-0.5407740018071975,-0.8804044059903879,-0.02270560896611911
0.8435708175362824,-0.7628281572850474,0.01269421027120509
0.44081987847472526,0.631292051713591,-0.9598365780988282
-0.003986320658308686,-0.2759290729462234,-0.006918873047118625
0.7399720694450129,1.2790996428341261,-0.3448638870320869
0.03868415382380915,-0.2821237993286943,-0.246561411199886
-0.43064210066413183,0.09227565159851848,0.7218160017344071
0.7615620386348286,0.7710549762839378,-0.6282534471396282
0.26945502184232933,1.0030464440795615,0.40660259337398863
-0.5186230771632282,1.030751788318199,-0.13948146516590426
-0.0951693390418041,0.6041831152965712,-0.1398800842479172
-0.4378091266923786,0.5120312629057312,0.39518594802585566
-0.691399865482168,0.29626347460059155,0.17002564728444522
0.4630887737658207,0.38918053808331887,0.2853064986097655
0.9547083202350652,-0.2755928581642667,0.48409233026643056
-0.6992837869095706,-0.4090994417111536,-0.16565419159166136
0.28148461834528543,-0.0016872287054760257,-0.30611836725387515
-0.32532128456091347,-0.08509231126246422,-0.542575263278899
-0.24356269188234803,-0.2266140246636376,-0.41270526498947757
-0.2961969621194346,0.34819372372835766,1.4745472126543626
-0.431995384839908,0.47765260428525536,0.6223397903683934
0.024260813972413496,0.04420344314592368,-0.6755371831040107
-0.4154750582055189,0.7387650405276309,-0.6612289783717851
0.1352284128899194,-0.5708445570667525,0.24093303085924575
-0.025119054724568476,-0.09682972963985906,0.2736323986889835
-0.11947402343320487,-0.35841116030140246,0.2744419176586822
-0.45378183102079894,-0.93326830853653,-0.12747789677684893
-0.28838566528416637,-0.041340342921349624,-0.06272713000145011
0.377695612912878,-0.06087375419164177,0.1639397620796787
0.2504585938121904,0.7567248716210655,0.042946503146665205
-0.4887776223992755,0.31540584227738877,-1.1096501863737676
0.049666152714612936,-0.5120934121646025,-0.11489981528759691
0.3756935616858945,0.9270462831670941,-0.4257032171301568
-0.8347026405606859,0.6105168477626765,0.08760570945425603
0.2716800961899675,0.2910488517343079,1.492629501301705
-0.33131187947292334,-0.11324204942491596,0.1837408327371522
0.28529933429657967,-0.4797196183617399,-0.15676484308619895
-0.38162957827125843,-0.1861033880355265,0.4609007509886261
-0.9024410503322595,0.544374309852093,0.24134394360460634
-0.8137712189415813,0.9422931529673045,0.21004724522592064
0.024042473330690997,0.7716217641360945,0.3034252966078355
0.12986125086074093,-0.24442471089313705,1.0282717824147707
-0.4521583125522043,-0.5598087166445056,-0.5654442176629578
0.31929622938868696,0.07044312345560197,0.23681603840572724
-0.8307600311344799,-0.8842196827814258,-0.4631905649907692
-0.033039899323658285,0.16158385709239073,0.27775632317112414
-0.6055080998812283,-0.07380129314933434,-0.4593432557430472
-0.3259180539010796,-0.23301825093412112,-0.2086834068025422
0.023699335658207008,-0.7973515336333977,-0.14754495711895316
-0.4302066826419762,0.2568000532848583,0.4879083596723545
-0.19227777211491268,-0.2663504198309557,0.4592272219712069
0.5031464046072203,-0.584958417855144,-0.6228586882231922
-0.2884459347615744,-1.4361311066408247,0.027467055499924363
0.4178460560325709,-0.013757452525318127,-0.3547899273745863
-0.564853427328809,0.886125798334872,-0.6292524553376673
0.2649020889576414,0.830629607273935,-0.10850852521218521
0.7207843103289502,-0.22854812829313592,-0.15424139422790986
-1.2358222500636447,-0.30110603018089027,1.2133582431727612
-0.3984476277352384,0.23438712803751188,0.21647991268034808
0.28853606359027,-0.49919271959414574,-0.6888087503771186
-0.10152269302149634,0.15089594990973298,-0.28238700208547113
0.18557293668565442,0.38304013919234514,0.5106916477146992
-0.3019925933579103,0.6134666119421538,1.0442213864349625
0.04329489373644996,-0.05007703823997639,-0.7929916561189791
-0.07783861769603974,-0.10183687508848294,-0.9399621925695225
0.5838910308299037,-0.4389912933782805,0.9354825876858911
0.12721042165060656,-0.41344017701993,0.19480708868545193
0.1688013310376011,-0.11323944595076338,-0.43414636593818323
-0.2059384830612337,0.18368275340808904,0.26731454306121766
-0.24380311203624677,0.4567923131166247,-1.3178738695084389
-0.21627909390981045,-0.4015894753401724,0.0016877532985804995
0.19722607118914842,0.7463442844797609,0.16391058642154263
-0.21049224041013148,-0.1355618005212844,0.4621350697689149
0.14488742844820646,-0.010683647174218078,-0.5069479761462689
1.0377003993227194,-0.3736058395739117,0.04284358070167952
0.4355623517158462,-1.2121201301364708,-0.46271231302979365
-0.16301176608392057,0.44202269818052486,0.12769187783715855
0.6006069610819724,0.3684219485462167,-0.44767316118151207
-0.2040376865107757,-0.1406637785591067,-0.2040504195801103
-1.019062267588927,0.03349535861243596,-0.49790769739511453
-0.504043155458702,0.2579696088520497,0.3255681209118285
-0.9353959605129278,-0.7812729284432713,0.42922555832833265
-0.17575674202065433,-0.2645263386731474,-0.1173102849787069
0.00920918959477585,0.39713233981091356,0.01911899748001417
0.8382186561376413,-0.6271447115846247,-0.7242957073167721
0.16346368688208132,0.14677896608331464,-0.14983832400339353
-0.10955026440443212,-0.6782909023117025,-0.02510230852087239
0.4147027905917446,0.23321499121676317,1.3103965455149875
-1.1055676545039426,-0.017820741148741784,-0.5559835128870818
0.11780727905428297,-0.8075659079527547,0.7320886193762187
0.3854325969434834,0.5823696772285857,0.498429386732904
-0.7392931228899208,-0.3672957883990246,0.1403182022450682
0.5718770216034645,-0.4051262185071905,0.8793102420975667
0.16924820374720706,0.10028459861547143,0.18605273630343144
-0.20764395695040064,0.5743186747143576,0.19457959783396436
0.3163909330531424,-0.5079109094891985,-0.026560326508772672
1.135346428902198,0.030839924923985827,0.6117844412093137
0.09093312752924758,0.21440825016528647,0.5482346169054418
0.12411029315016804,0.34655280363157204,-0.3128386437481062
-0.22968044977012206,0.0882207776386126,-0.6596235972993837
-0.4249221847323959,-0.18351391954166116,-0.10149031869782854
0.4151679082721228,-0.41379511032435984,-0.4000192821988232
-0.4280419129544336,0.04307194152318738,-0.03176228730767755
0.035783118609696234,-0.5360695059928035,0.6187190673420696
-0.23882872338255834,-1.4606752417473037,-0.228650827543395
0.23948991287319593,0.2182799020788339,-0.02141169065578744
0.16683105264347414,0.45196742054309763,0.029011367404197613
0.5187699721289496,-1.1814662177709192,0.4242154411026423
-0.2550081994273735,-0.5048653523549688,-1.1234446669923026
-0.13493746764668563,0.3095771305025989,-0.30335014738264837
-0.4893818578911537,1.0287477348558494,0.10564184613973636
-0.2221466300380558,0.010396853837703947,0.6000394782134306
0.1886502465224261,-0.3640014706145672,-0.24595122375310258
0.37849430832267594,-0.09144822055242008,-0.938276353020937
-0.4610826620888127,0.6874382095740924,0.3098557229830681
0.4348029600528301,-0.32298208956226765,-0.31768119441281467
0.6778189294024755,-0.3995960033251268,-0.5948333295451806
0.20671745161185043,-0.2413717610910162,-0.31217269485661203
0.938397906279033,-0.4766643041293562,-0.09226267882792477
-0.3868945995517865,0.06133515799739776,-0.30237233226910637
-0.6223273516557085,0.8123392292347803,-1.1027830285495346
-0.8893601244521393,0.16153963655801454,0.4485330984435661
0.7480221557445915,-0.1261767510631438,0.6374375206393611
0.3271828281770289,-0.14590563445777205,0.32576099566975286
-0.027792335455227534,-0.7815954043483285,-0.5688428352124083
0.13998431315991014,0.4415548885735795,-0.10074576697375899
-0.5627445236491883,-0.03891859850640102,-0.003260657614729031
1.2228759898084132,-0.09023995679531283,0.2993971947809551
0.06461059098761375,1.5965537839224304,0.3341702443590404
0.054697397302446445,0.14937645418284312,-0.3670868993892479
0.362883311949346,-0.37589552504759216,0.04099777820678021
0.2405046158683566,-0.21317879810277165,0.22864020230762055
0.11194201213956569,0.5742228545983774,0.7279111610733833
-0.39523722772265596,0.05663520526888223,0.35225326991236156
0.23573417856799786,-0.7191389891586834,0.39452834368775946
0.9410122482375168,0.45961446728760175,0.04191331396468047
0.6727100230774888,-0.334072042769497,0.7052295726017519
0.7965933133196985,0.9366488881087728,0.2048813979797487
-0.2556078382155926,0.5400240328573243,-0.4305439550867852
-0.49480241012929044,-0.2236609478293756,0.7016849850625954
-0.06289346004982407,0.6405081808675565,0.3489516362695138
0.027862456144347302,0.03392775526370165,-0.22152201056424115
0.5470957592354743,0.42638683756110973,-0.23974648369962168
-0.8462323148574097,0.24236640864723738,0.1482877725703809
0.7647751597303069,-0.42317832749543677,0.23159239763379236
-0.07900394928949471,-0.321774916158731,0.09864613281560322
-0.21344053497371002,0.5149804087905806,0.15565433672144244
-0.5060521876300837,-0.16738766605327043,0.8499786872881903
-0.8274283359328847,-0.20182423162099836,0.5357715761174429
0.4115852919809573,-0.4775612896746765,0.09531779563251216
0.036658983594201944,0.21179953279673053,0.47065529038374165
-0.6449804498705269,1.0312624596215725,-0.5162619517637698
-0.647539386031808,-0.5337664571271364,0.19896352497340447
-0.1678923496450641,0.012109728336379034,0.904653174866555
0.8345107626446965,0.7061102777077146,-0.10902294769618692
-0.1297956756818024,-0.039820695622857574,-0.4238169643095424
-0.7515714765590531,0.22618589812486695,-0.32604444429653034
-0.12287153204297216,-0.5311967640734399,-0.5448165186711942
-0.13636178487383524,0.2141535486038243,-0.3923809540638517
-1.3484433214707858,-0.09357213250227439,-0.1852540492950145
-0.027147433258906103,0.4928649978399315,-0.702783509589321
-0.11546726510433898,0.5936930257823756,0.0078091669748015236
0.3481031824067092,1.294781821009307,0.4511385868933236
0.9244780474726726,0.28981658660678783,-0.4538780900734602
0.5632825147738787,0.16289815829108323,0.7596419618208844
-0.13444434527741528,0.09719215078866801,0.25539604426379736
-0.5532629543708352,-0.17658314640534417,0.5152902928120286
1.2866799016249302,0.16924192173084557,-0.32891727692606854
0.02960921700724413,-0.14770070506951472,0.42726261353330786
0.0069646459564731015,0.08423048813480714,-0.5459669501976565
-0.012062543555001639,0.6587987678039798,0.44512375041825436
0.09904238038392747,-0.5032712826398206,0.08591966989676561
-0.07218020596197124,0.5699392805645227,0.27662560999239183
-0.28683100344011814,0.6585575336699326,-0.5877973028124258
-0.27342947062019607,-0.05903426349553937,-0.44753492113830234
-0.016376635107999193,-1.0609274495042973,0.2986141091266924
-0.2717123855668825,-0.30391099354721623,-0.47417400211210037
-0.3564228913385822,0.6484972732805546,0.23160314604956153
0.05321511384594842,-0.011434031149441061,-0.6835689032301229
-0.12748860871042764,-0.4996511161474554,0.4240871063333341
0.7519964942913443,-0.2523874606141087,-0.6162616573842545
-1.325484904196506,0.4203100132522765,0.2761499688397616
0.5457534259612309,0.27336678410068965,0.31281546682300043
0.6230425962488145,-0.11946604958484716,-0.34838590921478746
-1.0366951162040747,-0.18341220590734378,0.29101328354236344
-0.17134379704017438,-0.19587907452191095,0.13022113166677798
-0.18572043299789573,-0.46120509224925127,-0.26942092809636914
-0.7037558473589106,0.8076878447347209,-0.504277342038104
-0.38890834379543765,-0.16116023460566994,-0.9813128458362895
-0.5552879227329144,0.6085792604127482,0.17482502364984684
0.8761352217118114,0.7606580259612257,-0.7824013856810276
0.4678391965737306,0.4991554490739802,0.0476720997206541
0.6357775474970794,-0.2158101563590242,-0.13172410804112455
0.36083603202161757,0.20186504516830472,0.33957138771909773
-0.5645258856086146,-0.012097803195458083,-0.1510227497449321
-0.26226013313988683,-0.4518509303650641,-0.1647238931735457
0.24468728061395903,0.1621796408608015,0.3659353521441478
-0.6110639044459727,-0.5895198955799013,0.16752901454205876
0.35649921508619403,0.5938396942307819,0.15807797859138914
-0.12016269907906751,-0.23230864864919654,0.23463379490426312
-0.18741040377479876,0.10057982793641965,-0.7677860616035529
0.35547998410174575,0.14164393577307108,0.378394339993491
0.22213165574301988,-0.12945248685203867,0.30623439700680116
-0.18048308290953996,0.29334690073763736,-0.5083415642882486
0.579664901682124,-0.23745182831126221,-0.12204023683710065
-0.5405316637999487,0.4356486487286221,-0.019653643813815593
0.3079678034721319,-0.6729898401233743,-0.06724839220086636
0.2965506289841919,0.06318978977320591,0.16692998328426734
-0.15477321965699514,0.9694644995291424,0.7156833909155917
0.163066511121059,-0.5001656623027874,0.5408833638364143
-0.6255567881926515,-0.33887248526242575,-0.6561095967157031
0.4620135096034505,0.2569539248294575,0.31103499515302435
-0.09245106822149451,0.08979089096979898,0.6644666597677048
-0.26136151025951976,0.1753150496367796,0.19340426034460131
0.5245046129184446,0.24459356507383176,0.5454902125929835
-0.3521718452713796,0.31736073428088496,1.0061352228503826
-0.7042306481817798,0.5548499209781116,0.5118547730534907
-0.7783145867619519,0.20490932846425627,0.12465429782086443
0.3030049756728198,-0.12062882730927123,0.5225442370423767
-0.6402146762481415,0.33628685060136565,0.07244391654844559
0.8773970909921823,0.9499409674476078,0.011951521642477736
-1.040964703941861,-0.06631687319128678,-0.17570711785686627
0.8482281841450191,-0.48726465233532074,0.7817066794160541
0.1055087336013092,0.5535403346434864,-0.4092143329710007
-0.048356555935196194,-0.06019058197679912,0.766183862339058
-0.27245954340447487,-1.086334773007018,0.24993206187018568
0.19956805717603543,0.4237108385752108,-0.6996530874009708
-0.018817351212424182,-0.26766409297696137,0.1838246464957108
0.5516509410082607,-0.045266641152080386,-1.050013253825812
0.05711382433101982,0.16599016528450727,0.31275400841551787
0.0751508807309388,0.0952498398895332,0.4426157414944955
-0.18180610610692793,0.35472590856951974,-0.2961779778260268
-0.028472811860533728,-0.21774318528492168,0.06177384797779117
0.1539008844460296,0.25655289908804135,0.9770787168751431
-0.8550841963283128,-0.1297733387919586,-0.25287335213096834
-0.6740927110528565,0.3694052404437515,-0.5294537935283002
0.3716320470113575,0.3076837420065267,0.7408317012312994
0.08543271906397093,-0.46771935102229767,0.9812935952653974
-0.09199166817633957,0.5429910580875161,0.0018478359239236628
0.00921696653269658,-0.267981722557024,0.5057315177041781
0.17379085268083552,0.40402889914057255,0.6707379577654405
-0.26987984015468075,0.18364365670067032,-0.371242116269192
-0.38915236270115633,0.9190918383975613,-0.24265291768393416
0.09792262754884078,-0.11173299118592607,0.6154372565773675
-0.489186388807516,-0.17465839805909875,0.8425071393542547
0.20412637785723592,-0.009709802943866305,0.2814404300871774
-0.8512918021189202,-0.15158989141713772,-0.43990717675102714
0.5145778186628218,0.39997095097102503,0.9935305558497206
0.2362987412065215,-0.808155304218294,-0.26548544890598225
0.12801486715693783,-0.526841209573177,-0.16756889058572588
0.49134549197275695,-0.5339014607895965,0.17116891724481073
0.8327372222312883,0.47515379598678786,0.7770802103573871
0.5071850325090652,0.8553066862909626,0.42698798827611184
-0.9204371156658226,-0.05222460926873575,0.20743275018095522
-0.6397884833678508,-0.08441086159500531,0.2316442650590531
-0.3124092888478394,0.03502608155659069,0.02175733432173304
0.013045525105416893,0.5809391513040952,0.27906975725925315
0.2588295102345615,-0.46367656709528704,-1.2647800388471515
-0.3628719065767328,0.11918449136739256,-0.14830372953489918
0.09338338223853916,0.48759881489121487,0.1206609674583905
-0.3776914661766613,0.2505470849699226,-0.5755070418097535
-0.3057589014959741,0.0947908082993717,0.19316165890578
-0.7033305484241111,0.5005230462835706,-0.10223561049306076
-0.46161662305545215,-1.3516161464996186,0.877737849157745
-0.6758423028081668,0.3389376597654538,0.7865098626074282
-0.48793662648866637,-0.3270378415637119,-0.23290278455908142
0.5268208983039198,-0.9153164484282285,-0.07541885578334766
-0.4746994444159715,0.25560129976249035,-0.0369737828041963
1.3161910324186954,0.6868292725814789,-0.22582973807981135
0.2466589504404446,-0.06872425731384593,0.09751249201406337
0.09241806184743695,0.4764372736014694,-0.3791410344437951
-0.4291788900906068,0.8061391289943227,-0.5653076674687632
0.3501549397044957,0.6574572267920237,0.3113556119501343
-0.28781891311888697,0.8199822646856965,0.3147647921109054
0.06100490732268072,0.3710637455359461,-0.4021578798299962
1.2800422691343973,0.0377168194507964,0.4476777153812998
-0.048029949862324936,-0.8009829059485842,-0.3157888645826657
0.5746366631428379,-0.12303124406497429,0.1265826190189906
-0.3515882125629437,-0.42162329765809586,0.410172006306228
-0.01749424524848085,1.0854713587489069,-0.016806282351856505
0.885400317817755,-0.0879429062161683,0.2273704560705672
-0.3134835288938837,0.061602403392242835,-0.25821482194378587
0.9062242789984644,0.2757426880202338,-0.09823329171404858
0.3538759677277377,0.021801223186226862,-0.10292971544017018
-0.2812333879471338,0.8475255202153765,-0.37328917327011946
0.3162038695277605,-0.311324680867226,-0.08838708155789105
0.48627722481336494,0.09730372761862136,-0.7743091494318733
0.3109049811085982,-0.3712352928490241,-0.24557687357105235
-0.7851123599452282,-0.6600112556103529,-0.14243774668483541
-0.3635685879124343,-0.3058845454526427,-0.12808987624769005
-0.12375931777575237,-0.01851839852420601,-0.12074872293538941
-0.03721671455002314,-0.21465111225862998,-0.030882099930064463
0.310336048775339,-0.346210489936928,0.23972075904303194
0.08885050046662692,-0.7031587318359169,0.4372585370662613
-0.6676721793550506,-0.04155278631434738,-0.32488261342413355
0.1900989255029816,-0.7523601870155011,-0.6016004276945722
0.3052928726419116,0.3800279818448013,-0.5210222061215515
0.2798952239655199,0.04121987646725164,-0.24360146059746357
0.5403903627773109,-0.7287757497324653,-0.17596065890825455
0.41696107727445203,-0.15460453852493172,-0.38499803309872865
0.22959003961421834,-0.3760782027952916,-0.6480583321249472
-0.035082855729323514,0.15958725520959022,-0.2280604137370941
-0.8304804667579957,0.6702252230115723,0.09071331005698569
0.21480910956629293,-0.9375862348228723,0.29751473291778235
0.10384384358155557,0.05751303957370858,-0.2787115265541606
0.13578941859768673,-0.0800663977833202,-0.20649891107171703
-0.6383742879101547,0.33567003822523284,-0.4633491544236554
-0.5405282702041312,0.10659831411884457,-0.01571958518738821
0.5265764266664518,-0.37598466586940954,-0.4242143170954073
-0.01977757692832752,-0.15952696783330908,0.28656390662060005
0.3407503486863122,-0.3980129284017445,-0.8929332459670556
0.014159188065230586,0.5380035692992992,-0.1798148362262312
0.014878069747872594,0.01065582433597111,0.15055366959587105
0.46914190298799885,0.9505953428765037,0.09191725816125218
-0.25802236410868695,-0.030330406907310387,1.3465168319902483
0.04806038847049168,-0.3542033834552314,0.17490001228395377
-0.23113764435252124,-0.7568571963064136,-0.5020272984210051
-0.2172481137161578,-0.9015698381279725,-0.047732123544536514
-0.15458606173431969,-0.7920679715027449,-0.8881231667332259
0.11106688581685642,0.1335633255057417,-0.04029987464838044
-0.23937431083173866,0.2543625116149669,-0.41652802850037934
0.6278780627867604,-0.7905953510160667,0.45769513778008086
-0.44730365110975195,0.4475191570380577,-0.27477013729776745
-0.09343582208067952,-0.24153052584171975,-0.058382957897623315
-0.21986552913708746,0.07339650599277468,-0.3177789207022017
0.7234889421768664,0.8061103141277122,0.8694256759266656
0.09827738825578732,0.44841965793276595,-0.16062138305895585
0.5159222697343174,-0.13426532395291615,0.9162785217396009
-0.742780186518486,-0.4455961127076437,0.4070758810591333
0.13352513293462942,-1.0759077006646525,0.24103336366769307
0.4448153978117185,-0.35957665962121005,0.18436657365875986
0.04114199463771209,-0.10556511941384722,0.19689864910812577
0.5327401875326756,-0.493589763575592,-0.963836289672805
-0.2586442250501861,-0.06562848354615236,-0.13944169707537826
0.70467372009279,0.03842594147938411,0.4225789855921608
1.1494490618096251,-0.11242799090403928,-0.02444859173705277
-0.18141928021982953,-0.32500129041172987,-0.7025949234017875
-0.2227512607003859,0.08432733598336384,-0.026202225288734726
0.7266922385588505,0.22097032478470452,0.8520527581277456
0.7897860728653562,-0.545199538721423,0.6234458577673597
-0.26143001357663415,0.705466189873135,-0.031002004683015873
-0.21009340854792863,-0.04929406614213087,0.4757246385290433
-0.1408923044302536,0.009424811472423831,-0.18325351018402591
-0.6722252555171385,0.3541072116282786,-0.8519357934133595
-0.4593259732420991,0.11660806563175083,-0.4622329940647772
-0.5020703833760339,0.47656831695662255,0.7814443842540989
-0.3838987825520642,0.1435620826009121,-0.1369965409146521
-0.01734244369339059,-0.30621868732021895,-0.12169198968750904
0.11710736626826038,0.18075176260305081,-0.14991909813744028
0.7752502464070384,-0.5718631036603309,0.9520682947865035
-0.4991770203693955,0.05427985288826157,0.8129794576810316
0.4921611992382919,-0.0166149953222304,1.109390116724067
-0.10699442211275448,-0.10405842863626985,-0.07952260520002565
-0.024731854826216475,-0.06426875571946537,0.14781224437354754
0.3374097460833019,-0.9409245227488195,-0.7583212747103956
-0.5613610107811493,-0.27436245387048075,0.7384672130591372
0.1912048730920253,0.046422450570557355,-0.5838897756339675
0.08322610410652805,0.07992819599870019,0.10838778188131455
0.24622563200407455,-0.5138375704629791,-0.548651263816422
0.14458432195390905,0.6328539204323503,-0.29443341336934803
1.2276500699554471,-0.43308742410725043,-0.41863121552485016
-0.318869992125658,0.4847286002633684,-0.30393763033790894
-0.2654984775009088,0.21359718093584243,-0.2695613515744893
-0.3115702632123822,-0.3231136549219015,-0.27413439746253854
-0.27773855958012733,0.887655446304756,0.41666695589015357
-0.31869356365325885,-0.59681841587824,-0.55243139653126
0.5945082655537759,0.45957708680500076,0.11027071350693343
0.7102521239949274,0.5002911590214891,0.6089795761527792
-0.28537314687473814,-0.33531010453832244,-0.256598182256698
-0.41617778655211435,0.6962326500321644,-0.3589594453738009
0.23570777819320204,-0.1250232572994764,-0.11526231259012541
-0.2761115221404856,0.14434681463992852,0.5898626041803551
0.3164659088777554,0.13016091938561036,0.09705381547667885
0.10146151042564985,-0.0671543707352739,-0.26560714730379925
-0.757872057498616,0.40540413657989105,0.24193832559401987
0.7737526006650308,0.3967443602761065,-0.5511460749182117
0.8979388365477609,-0.8742659866190904,0.340679755221474
-0.3063943452421931,0.6521701214390763,0.2043036538508838
-0.19385077996799208,-0.8312459940178372,-0.15390423556944205
0.14293269536245248,0.5162731021708287,-0.4192928992236155
0.1672283949935125,0.5633525684137917,-0.44334046114172865
0.3292721363364152,-0.5454832151075991,0.2674086681729551
1.0051022693831748,-0.2054071439772924,0.6144902512445309
-0.0884736137470247,-0.5528523342429679,-0.3186538735143974
-0.39914862226922687,-0.10746051514436766,0.22919335177574213
-0.6896596140072636,-0.15401714209287062,-1.0435135093010344
-0.36546501997095954,0.3898302661346699,-0.2923088653285998
-0.016563486436898547,0.6551543730598042,-0.015529466435450976
0.8972789317588938,0.697841905394978,-0.4548417084909168
-0.2588056495180857,-0.28108401328915106,-0.468253187394798
0.11189397581944925,-0.10461093687226389,-0.3338897782344431
-0.008211448036376037,-0.8417190961104751,0.14609636416318658
0.594196636724042,-0.4029350332480944,-0.09366450920318735
1.2634662129368108,0.4824258165487288,-1.119115616662486
-0.2654343864601603,0.8077914117741158,-1.060350076317533
-0.24471972125911107,-0.617174435939961,-0.3034325889285877
0.522080438534536,-0.2962321295764471,0.22884329302677603
0.3409457448131557,-0.013202878479463515,-1.3737524213626173
0.9233536628680168,0.1400805794098034,-0.2498650880758153
0.29196409266298196,-0.40480175996082307,-0.26312392825871056
-0.17964604539352977,0.21203052223204485,0.6941688891042239
0.29532741534615464,-0.23691967353545806,-0.19251090585643182
0.5543517902914539,-0.007226135439139552,0.19149449237046423
0.410241090598682,0.2731421240018498,0.07062857004373162
0.25363701555364887,0.0032111349054689082,-1.0652832399036003
0.533337344794577,-0.2181929452632843,0.38410360831586865
0.5846477952228364,-0.05480490196291542,0.10769825272814397
0.6910794955187636,-0.04418147960266766,0.2541343198372948
0.3243549437948213,-0.18500551494106385,1.9631188532181634
-0.08355904015842718,-0.12939803133355118,-1.0420564697492942
0.07335684321666142,0.7993235852523585,0.8623483248805542
0.6032544832541784,0.28045972397061936,-0.14372375970017778
-0.40846783549361804,-0.14774015901458018,0.14366445220150464
0.1843366544364506,0.3484772022553678,-0.022756122650621085
-0.19666940616368034,-0.16690974487800497,-0.21211816669902175
0.014372411467408744,0.5865623187933207,-0.2849164641193794
0.6392259313036494,0.18482109609904696,0.16475436778650457
0.09554953400995167,-0.05365107200211444,-0.7585868483358396
0.023218274078074405,0.2238584629051388,0.3752895837608828
-0.6799280704899596,-0.7854380760342496,-0.20809720244262697
0.37312678301361035,-0.5633837344549026,-0.5650346695201789
0.3227420905705377,-0.5969625031995277,-0.22500642899790685
1.08162736165273,0.07147154738185338,0.6285746084312864
-0.15388911747650041,0.866257499742546,-0.26766754350811156
0.10957516383196948,1.1156500730963161,0.17922680910481012
0.12469184185537763,0.3190255507203786,-0.36547813785773664
0.7887266398817372,0.25042223747222847,0.3789609249618098
-0.04764776619347605,-0.9005288670763695,0.34275386939510205
0.13951076288516961,-0.2713368998670109,0.9243044166482057
0.3039482548582696,-0.39389187595411945,-0.08778197274960775
0.09330456157817905,-0.310423799125558,0.3343274023789533
-0.22321680727526413,-0.0840719092923948,0.049033769769472275
0.09704499644915379,-0.23604528884856368,0.6479358909315072
0.536815874929886,-0.9896499051878939,-0.3594161938043652
-0.5132576497055301,0.3739551280587669,0.37250265643864056
0.066484837073438,-0.5363715128699033,-0.09734864805834084
-0.3500604074695866,0.11962343205557477,-0.032094088554248876
0.5975233144624212,1.0370413348749867,0.04587624222418643
-0.7615934523918874,-0.4596922957932117,0.1261201982133387
-0.27946092363579417,-1.2651437613731649,-0.058114521560979085
0.18860593753226043,-0.1430021109400554,0.10735659158526317
0.7827620146171702,0.5504798174992855,0.7890590287810922
-0.0328751305364939,0.9791737271102969,0.4927248428076092
-0.2775997633465992,-0.6147747972262084,0.43457729624844826
0.9405785347202951,0.24834961161826086,-0.22776976301193536
-0.724006950208122,-0.23265522839002667,-0.44462041411416214
-1.099402978310041,-0.05297417715206783,0.4776502791188764
0.2200072250266662,1.3221716735085174,0.4380233962648971
-0.2510271121763056,-0.7514851641975766,0.736335337875491
-0.5106164085653566,0.12686983074728672,-0.30199031298461476
0.35417822364967666,0.2338465858827166,-0.11477432768017354
0.12190035688559941,0.5428931624696736,-0.8197420812627171
-0.2820393153683642,0.04899157673544772,-0.19623555303043647
-0.6401521993354472,0.15402526975205116,0.4982852552897236
0.43622866414007233,-0.19582428371089555,-0.23324768961409897
0.3251005889793305,0.13456347062255367,0.3202398976004119
-0.049587931889691454,-0.17159613774870525,-0.09525155299890567
0.9233184980238329,0.3107859449280254,0.16202851411078031
-0.5350423831630763,-0.18480516802181698,-0.5738456949078337
-0.7627625854623694,0.18855019695109324,0.04260472481695053
-0.3459540349406222,-0.014631406842489177,-1.4955679854503616
-0.022793008177748902,0.5630251253860841,-0.09344807908099242
0.12166972466134592,-0.02569686179424312,-0.8152366218575701
-0.12061802892816494,-0.8865162341034407,0.602997258273408
0.1760276982571484,0.6309607503569958,0.3887036763822556
-0.625769712095222,-0.45286615043130946,0.23333549098304052
0.7218823020366297,-0.3268831693244099,0.76050311357969
-0.0410755891962844,-0.29783064702174605,-0.4744582604124186
0.5586479157940638,0.6872190465854087,0.8736815989577791
0.17136267318885207,-1.0678371069893478,0.46609578213019237
0.22837660957689196,1.5688742668299969,-0.11827764360947302
0.28488364011610195,0.5280284045330259,0.5678100735914721
0.22385428000865748,0.11161945706457983,-0.5531467562058171
0.32136137993377195,-0.027447000308143194,-0.41225708076383677
0.6645762650662157,0.14277703742882847,-0.3042948616198502
0.09826058485073506,0.26056121418966915,-0.2644888540320076
0.35450187879425615,0.3226077929750285,-0.5282788213801264
-0.04486784714361336,0.27780223300172424,0.6115415335476625
0.7200586077247364,0.04479034062762441,-0.12942720018491582
-0.33819615102963485,-0.09866921015366305,0.17625248417843978
0.9004702164554078,-0.07563664182675585,-0.2851756832068403
-0.020078975322171705,-0.0974541401763405,-0.9103016502742586
-0.7153875510590241,0.5668850484335323,0.13502867919571104
0.06405220745539464,0.29677836114043094,-0.9561274877098884
-0.3405258287374404,-1.4701943173321401,-0.034317023042734304
0.42032177449436203,0.3279503882648805,-0.6841575194164052
-0.32631198965119546,0.09736809735938742,0.993637999615404
-0.22309171660738986,-0.009354378222948708,0.45568136108736085
-0.9447703654727655,-0.19425922654444291,0.05287689563574021
-0.22615315962453836,0.5620563599930067,0.6318533388273343
-1.2119396633144783,0.4737632310614289,-0.4231579887328679
-0.7919514117428617,-0.38643883391180456,0.2717396893350465
0.3802073280721487,0.20352614356226756,0.09990521685935674
0.3929000793254161,-0.485828367270643,0.132010040666835
0.21272878089248237,-0.6898090823944653,0.6361767500533839
-0.4834880715646065,-0.3133586122949826,0.36624605138990113
-0.023855678070989927,0.4311967361913794,0.14436183141251163
-0.0018012695452842022,0.47656252268804333,-0.8274437181141481
-0.5791823445962714,0.2565427100486465,-0.48002314763973186
0.7516991508835753,0.36254789342399857,-0.06135446679786207
0.4386811452878357,0.2580891435574792,0.04668618713832562
-0.11048208691483197,-0.3207407976114761,-0.5651018623369619
0.01344291949726539,0.21596127233697032,1.2058383377892106
0.10419140397377624,0.40020476261384114,0.7581970276267864
-1.0208674342121453,0.37714566490678714,0.30105916019624174
-0.12358869126029846,0.5944566857373215,0.03601843064187238
-0.3409921239988993,0.3541519236005319,-0.10610448495057584
-0.5008100049474578,0.17572410377079145,-0.4759592300111178
-0.14055014644297745,0.5350751191582137,0.03874025925943127
0.8988432634247613,-0.013260629624530031,0.12887627007137534
0.3204214306335049,-0.4409373256138589,-0.6208802877408122
-0.2855894948913984,-0.08153348197188194,0.16708820862244872
0.2862913906780793,-0.37245132240322454,-0.07762952441237438
